Abdülkadir Ömür,Abdülkerim Bardakcý
Abdülkadir Ömür,Altay Bayýndýr
Abdülkadir Ömür,Barýþ Alper Yýlmaz
Abdülkadir Ömür,Berat Özdemir
Abdülkadir Ömür,Berkan Kutlu
Abdülkadir Ömür,Bertuð Yýldýrým
Abdülkadir Ömür,Çaðlar Söyüncü
Abdülkadir Ömür,Cenk Özkacar
Abdülkadir Ömür,Eren Elmalý
Abdülkadir Ömür,Ertaç Özbir
Abdülkadir Ömür,Ferdi Kadýoðlu
Abdülkadir Ömür,Ýrfan Can Kahveci
Abdülkadir Ömür,Ýsmail Yüksek
Abdülkadir Ömür,Kaan Ayhan
Abdülkadir Ömür,Kenan Yýldýz
Abdülkadir Ömür,Kerem Aktürkoðlu 
Abdülkadir Ömür,Mert Günok
Abdülkadir Ömür,Ozan Kabak
Abdülkadir Ömür,Rýdvan Yýlmaz
Abdülkadir Ömür,Salih Özcan
Abdülkadir Ömür,Samet Akaydin
Abdülkadir Ömür,Uðurcan Çakýr
Abdülkadir Ömür,Yusuf Sarý
Abdülkadir Ömür,Yusuf Yazýcý
Abdülkadir Ömür,Zeki Çelik 
Abdülkerim Bardakcý,Altay Bayýndýr
Abdülkerim Bardakcý,Barýþ Alper Yýlmaz
Abdülkerim Bardakcý,Berat Özdemir
Abdülkerim Bardakcý,Berkan Kutlu
Abdülkerim Bardakcý,Bertuð Yýldýrým
Abdülkerim Bardakcý,Çaðlar Söyüncü
Abdülkerim Bardakcý,Cenk Özkacar
Abdülkerim Bardakcý,Eren Elmalý
Abdülkerim Bardakcý,Ertaç Özbir
Abdülkerim Bardakcý,Ferdi Kadýoðlu
Abdülkerim Bardakcý,Ýrfan Can Kahveci
Abdülkerim Bardakcý,Ýsmail Yüksek
Abdülkerim Bardakcý,Kaan Ayhan
Abdülkerim Bardakcý,Kenan Yýldýz
Abdülkerim Bardakcý,Kerem Aktürkoðlu 
Abdülkerim Bardakcý,Mert Günok
Abdülkerim Bardakcý,Ozan Kabak
Abdülkerim Bardakcý,Rýdvan Yýlmaz
Abdülkerim Bardakcý,Salih Özcan
Abdülkerim Bardakcý,Samet Akaydin
Abdülkerim Bardakcý,Uðurcan Çakýr
Abdülkerim Bardakcý,Yusuf Sarý
Abdülkerim Bardakcý,Yusuf Yazýcý
Abdülkerim Bardakcý,Zeki Çelik 
Altay Bayýndýr,Barýþ Alper Yýlmaz
Altay Bayýndýr,Berat Özdemir
Altay Bayýndýr,Berkan Kutlu
Altay Bayýndýr,Bertuð Yýldýrým
Altay Bayýndýr,Çaðlar Söyüncü
Altay Bayýndýr,Cenk Özkacar
Altay Bayýndýr,Eren Elmalý
Altay Bayýndýr,Ertaç Özbir
Altay Bayýndýr,Ferdi Kadýoðlu
Altay Bayýndýr,Ýrfan Can Kahveci
Altay Bayýndýr,Ýsmail Yüksek
Altay Bayýndýr,Kaan Ayhan
Altay Bayýndýr,Kenan Yýldýz
Altay Bayýndýr,Kerem Aktürkoðlu 
Altay Bayýndýr,Mert Günok
Altay Bayýndýr,Ozan Kabak
Altay Bayýndýr,Rýdvan Yýlmaz
Altay Bayýndýr,Salih Özcan
Altay Bayýndýr,Samet Akaydin
Altay Bayýndýr,Uðurcan Çakýr
Altay Bayýndýr,Yusuf Sarý
Altay Bayýndýr,Yusuf Yazýcý
Altay Bayýndýr,Zeki Çelik 
Barýþ Alper Yýlmaz,Berat Özdemir
Barýþ Alper Yýlmaz,Berkan Kutlu
Barýþ Alper Yýlmaz,Bertuð Yýldýrým
Barýþ Alper Yýlmaz,Çaðlar Söyüncü
Barýþ Alper Yýlmaz,Cenk Özkacar
Barýþ Alper Yýlmaz,Eren Elmalý
Barýþ Alper Yýlmaz,Ertaç Özbir
Barýþ Alper Yýlmaz,Ferdi Kadýoðlu
Barýþ Alper Yýlmaz,Ýrfan Can Kahveci
Barýþ Alper Yýlmaz,Ýsmail Yüksek
Barýþ Alper Yýlmaz,Kaan Ayhan
Barýþ Alper Yýlmaz,Kenan Yýldýz
Barýþ Alper Yýlmaz,Kerem Aktürkoðlu 
Barýþ Alper Yýlmaz,Mert Günok
Barýþ Alper Yýlmaz,Ozan Kabak
Barýþ Alper Yýlmaz,Rýdvan Yýlmaz
Barýþ Alper Yýlmaz,Salih Özcan
Barýþ Alper Yýlmaz,Samet Akaydin
Barýþ Alper Yýlmaz,Uðurcan Çakýr
Barýþ Alper Yýlmaz,Yusuf Sarý
Barýþ Alper Yýlmaz,Yusuf Yazýcý
Barýþ Alper Yýlmaz,Zeki Çelik 
Berat Özdemir,Berkan Kutlu
Berat Özdemir,Bertuð Yýldýrým
Berat Özdemir,Çaðlar Söyüncü
Berat Özdemir,Cenk Özkacar
Berat Özdemir,Eren Elmalý
Berat Özdemir,Ertaç Özbir
Berat Özdemir,Ferdi Kadýoðlu
Berat Özdemir,Ýrfan Can Kahveci
Berat Özdemir,Ýsmail Yüksek
Berat Özdemir,Kaan Ayhan
Berat Özdemir,Kenan Yýldýz
Berat Özdemir,Kerem Aktürkoðlu 
Berat Özdemir,Mert Günok
Berat Özdemir,Ozan Kabak
Berat Özdemir,Rýdvan Yýlmaz
Berat Özdemir,Salih Özcan
Berat Özdemir,Samet Akaydin
Berat Özdemir,Uðurcan Çakýr
Berat Özdemir,Yusuf Sarý
Berat Özdemir,Yusuf Yazýcý
Berat Özdemir,Zeki Çelik 
Berkan Kutlu,Bertuð Yýldýrým
Berkan Kutlu,Çaðlar Söyüncü
Berkan Kutlu,Cenk Özkacar
Berkan Kutlu,Eren Elmalý
Berkan Kutlu,Ertaç Özbir
Berkan Kutlu,Ferdi Kadýoðlu
Berkan Kutlu,Ýrfan Can Kahveci
Berkan Kutlu,Ýsmail Yüksek
Berkan Kutlu,Kaan Ayhan
Berkan Kutlu,Kenan Yýldýz
Berkan Kutlu,Kerem Aktürkoðlu 
Berkan Kutlu,Mert Günok
Berkan Kutlu,Ozan Kabak
Berkan Kutlu,Rýdvan Yýlmaz
Berkan Kutlu,Salih Özcan
Berkan Kutlu,Samet Akaydin
Berkan Kutlu,Uðurcan Çakýr
Berkan Kutlu,Yusuf Sarý
Berkan Kutlu,Yusuf Yazýcý
Berkan Kutlu,Zeki Çelik 
Bertuð Yýldýrým,Çaðlar Söyüncü
Bertuð Yýldýrým,Cenk Özkacar
Bertuð Yýldýrým,Eren Elmalý
Bertuð Yýldýrým,Ertaç Özbir
Bertuð Yýldýrým,Ferdi Kadýoðlu
Bertuð Yýldýrým,Ýrfan Can Kahveci
Bertuð Yýldýrým,Ýsmail Yüksek
Bertuð Yýldýrým,Kaan Ayhan
Bertuð Yýldýrým,Kenan Yýldýz
Bertuð Yýldýrým,Kerem Aktürkoðlu 
Bertuð Yýldýrým,Mert Günok
Bertuð Yýldýrým,Ozan Kabak
Bertuð Yýldýrým,Rýdvan Yýlmaz
Bertuð Yýldýrým,Salih Özcan
Bertuð Yýldýrým,Samet Akaydin
Bertuð Yýldýrým,Uðurcan Çakýr
Bertuð Yýldýrým,Yusuf Sarý
Bertuð Yýldýrým,Yusuf Yazýcý
Bertuð Yýldýrým,Zeki Çelik 
Çaðlar Söyüncü,Cenk Özkacar
Çaðlar Söyüncü,Eren Elmalý
Çaðlar Söyüncü,Ertaç Özbir
Çaðlar Söyüncü,Ferdi Kadýoðlu
Çaðlar Söyüncü,Ýrfan Can Kahveci
Çaðlar Söyüncü,Ýsmail Yüksek
Çaðlar Söyüncü,Kaan Ayhan
Çaðlar Söyüncü,Kenan Yýldýz
Çaðlar Söyüncü,Kerem Aktürkoðlu 
Çaðlar Söyüncü,Mert Günok
Çaðlar Söyüncü,Ozan Kabak
Çaðlar Söyüncü,Rýdvan Yýlmaz
Çaðlar Söyüncü,Salih Özcan
Çaðlar Söyüncü,Samet Akaydin
Çaðlar Söyüncü,Uðurcan Çakýr
Çaðlar Söyüncü,Yusuf Sarý
Çaðlar Söyüncü,Yusuf Yazýcý
Çaðlar Söyüncü,Zeki Çelik 
Cenk Özkacar,Eren Elmalý
Cenk Özkacar,Ertaç Özbir
Cenk Özkacar,Ferdi Kadýoðlu
Cenk Özkacar,Ýrfan Can Kahveci
Cenk Özkacar,Ýsmail Yüksek
Cenk Özkacar,Kaan Ayhan
Cenk Özkacar,Kenan Yýldýz
Cenk Özkacar,Kerem Aktürkoðlu 
Cenk Özkacar,Mert Günok
Cenk Özkacar,Ozan Kabak
Cenk Özkacar,Rýdvan Yýlmaz
Cenk Özkacar,Salih Özcan
Cenk Özkacar,Samet Akaydin
Cenk Özkacar,Uðurcan Çakýr
Cenk Özkacar,Yusuf Sarý
Cenk Özkacar,Yusuf Yazýcý
Cenk Özkacar,Zeki Çelik 
Eren Elmalý,Ertaç Özbir
Eren Elmalý,Ferdi Kadýoðlu
Eren Elmalý,Ýrfan Can Kahveci
Eren Elmalý,Ýsmail Yüksek
Eren Elmalý,Kaan Ayhan
Eren Elmalý,Kenan Yýldýz
Eren Elmalý,Kerem Aktürkoðlu 
Eren Elmalý,Mert Günok
Eren Elmalý,Ozan Kabak
Eren Elmalý,Rýdvan Yýlmaz
Eren Elmalý,Salih Özcan
Eren Elmalý,Samet Akaydin
Eren Elmalý,Uðurcan Çakýr
Eren Elmalý,Yusuf Sarý
Eren Elmalý,Yusuf Yazýcý
Eren Elmalý,Zeki Çelik 
Ertaç Özbir,Ferdi Kadýoðlu
Ertaç Özbir,Ýrfan Can Kahveci
Ertaç Özbir,Ýsmail Yüksek
Ertaç Özbir,Kaan Ayhan
Ertaç Özbir,Kenan Yýldýz
Ertaç Özbir,Kerem Aktürkoðlu 
Ertaç Özbir,Mert Günok
Ertaç Özbir,Ozan Kabak
Ertaç Özbir,Rýdvan Yýlmaz
Ertaç Özbir,Salih Özcan
Ertaç Özbir,Samet Akaydin
Ertaç Özbir,Uðurcan Çakýr
Ertaç Özbir,Yusuf Sarý
Ertaç Özbir,Yusuf Yazýcý
Ertaç Özbir,Zeki Çelik 
Ferdi Kadýoðlu,Ýrfan Can Kahveci
Ferdi Kadýoðlu,Ýsmail Yüksek
Ferdi Kadýoðlu,Kaan Ayhan
Ferdi Kadýoðlu,Kenan Yýldýz
Ferdi Kadýoðlu,Kerem Aktürkoðlu 
Ferdi Kadýoðlu,Mert Günok
Ferdi Kadýoðlu,Ozan Kabak
Ferdi Kadýoðlu,Rýdvan Yýlmaz
Ferdi Kadýoðlu,Salih Özcan
Ferdi Kadýoðlu,Samet Akaydin
Ferdi Kadýoðlu,Uðurcan Çakýr
Ferdi Kadýoðlu,Yusuf Sarý
Ferdi Kadýoðlu,Yusuf Yazýcý
Ferdi Kadýoðlu,Zeki Çelik 
Ýrfan Can Kahveci,Ýsmail Yüksek
Ýrfan Can Kahveci,Kaan Ayhan
Ýrfan Can Kahveci,Kenan Yýldýz
Ýrfan Can Kahveci,Kerem Aktürkoðlu 
Ýrfan Can Kahveci,Mert Günok
Ýrfan Can Kahveci,Ozan Kabak
Ýrfan Can Kahveci,Rýdvan Yýlmaz
Ýrfan Can Kahveci,Salih Özcan
Ýrfan Can Kahveci,Samet Akaydin
Ýrfan Can Kahveci,Uðurcan Çakýr
Ýrfan Can Kahveci,Yusuf Sarý
Ýrfan Can Kahveci,Yusuf Yazýcý
Ýrfan Can Kahveci,Zeki Çelik 
Ýsmail Yüksek,Kaan Ayhan
Ýsmail Yüksek,Kenan Yýldýz
Ýsmail Yüksek,Kerem Aktürkoðlu 
Ýsmail Yüksek,Mert Günok
Ýsmail Yüksek,Ozan Kabak
Ýsmail Yüksek,Rýdvan Yýlmaz
Ýsmail Yüksek,Salih Özcan
Ýsmail Yüksek,Samet Akaydin
Ýsmail Yüksek,Uðurcan Çakýr
Ýsmail Yüksek,Yusuf Sarý
Ýsmail Yüksek,Yusuf Yazýcý
Ýsmail Yüksek,Zeki Çelik 
Kaan Ayhan,Kenan Yýldýz
Kaan Ayhan,Kerem Aktürkoðlu 
Kaan Ayhan,Mert Günok
Kaan Ayhan,Ozan Kabak
Kaan Ayhan,Rýdvan Yýlmaz
Kaan Ayhan,Salih Özcan
Kaan Ayhan,Samet Akaydin
Kaan Ayhan,Uðurcan Çakýr
Kaan Ayhan,Yusuf Sarý
Kaan Ayhan,Yusuf Yazýcý
Kaan Ayhan,Zeki Çelik 
Kenan Yýldýz,Kerem Aktürkoðlu 
Kenan Yýldýz,Mert Günok
Kenan Yýldýz,Ozan Kabak
Kenan Yýldýz,Rýdvan Yýlmaz
Kenan Yýldýz,Salih Özcan
Kenan Yýldýz,Samet Akaydin
Kenan Yýldýz,Uðurcan Çakýr
Kenan Yýldýz,Yusuf Sarý
Kenan Yýldýz,Yusuf Yazýcý
Kenan Yýldýz,Zeki Çelik 
Kerem Aktürkoðlu ,Mert Günok
Kerem Aktürkoðlu ,Ozan Kabak
Kerem Aktürkoðlu ,Rýdvan Yýlmaz
Kerem Aktürkoðlu ,Salih Özcan
Kerem Aktürkoðlu ,Samet Akaydin
Kerem Aktürkoðlu ,Uðurcan Çakýr
Kerem Aktürkoðlu ,Yusuf Sarý
Kerem Aktürkoðlu ,Yusuf Yazýcý
Kerem Aktürkoðlu ,Zeki Çelik 
Mert Günok,Ozan Kabak
Mert Günok,Rýdvan Yýlmaz
Mert Günok,Salih Özcan
Mert Günok,Samet Akaydin
Mert Günok,Uðurcan Çakýr
Mert Günok,Yusuf Sarý
Mert Günok,Yusuf Yazýcý
Mert Günok,Zeki Çelik 
Ozan Kabak,Rýdvan Yýlmaz
Ozan Kabak,Salih Özcan
Ozan Kabak,Samet Akaydin
Ozan Kabak,Uðurcan Çakýr
Ozan Kabak,Yusuf Sarý
Ozan Kabak,Yusuf Yazýcý
Ozan Kabak,Zeki Çelik 
Rýdvan Yýlmaz,Salih Özcan
Rýdvan Yýlmaz,Samet Akaydin
Rýdvan Yýlmaz,Uðurcan Çakýr
Rýdvan Yýlmaz,Yusuf Sarý
Rýdvan Yýlmaz,Yusuf Yazýcý
Rýdvan Yýlmaz,Zeki Çelik 
Samet Akaydin,Salih Özcan
Samet Akaydin,Uðurcan Çakýr
Samet Akaydin,Yusuf Sarý
Samet Akaydin,Yusuf Yazýcý
Samet Akaydin,Zeki Çelik 
Uðurcan Çakýr,Salih Özcan
Uðurcan Çakýr,Yusuf Sarý
Uðurcan Çakýr,Yusuf Yazýcý
Uðurcan Çakýr,Zeki Çelik 
Yusuf Sarý,Salih Özcan
Yusuf Sarý,Yusuf Yazýcý
Yusuf Sarý,Zeki Çelik 
Yusuf Yazýcý,Salih Özcan
Yusuf Yazýcý,Zeki Çelik 
Zeki Çelik ,Salih Özcan
