Arda Turan,Burak Yýlmaz
Arda Turan,Çaðlar Birinci 
Arda Turan,Caner Erkin
Arda Turan,Cenk Tosun 
Arda Turan,Colin Kazým-Richards 
Arda Turan,Egemen Korkmaz
Arda Turan,Emre Belözoðlu
Arda Turan,Emre Güngör 
Arda Turan,Engin Baytar 
Arda Turan,Eren Aydýn
Arda Turan,Gökhan Gönül
Arda Turan,Gökhan Süzen 
Arda Turan,Gökhan Töre
Arda Turan,Gökhan Zan
Arda Turan,Hakan Arýkan 
Arda Turan,Hakan Balta 
Arda Turan,Halil Altýntop
Arda Turan,Hamit Altýntop 
Arda Turan,Ýbrahim Akýn
Arda Turan,Ýbrahim Öztürk
Arda Turan,Ýbrahim Toraman
Arda Turan,Ýsmail Köybaþý
Arda Turan,Mehmet Aurélio
Arda Turan,Mehmet Ekici
Arda Turan,Mehmet Topal
Arda Turan,Mehmet Topuz
Arda Turan,Mert Günok
Arda Turan,Mevlüt Erdinç
Arda Turan,Nihat Kahveci 
Arda Turan,Nuri Þahin
Arda Turan,Ömer Erdoðan
Arda Turan,Ömer Toprak
Arda Turan,Onur Kývrak
Arda Turan,Orhan Gülle 
Arda Turan,Ozan Ýpek
Arda Turan,Özer Hurmacý 
Arda Turan,Sabri Sarýoðlu 
Arda Turan,Selçuk Ýnan
Arda Turan,Selçuk Þahin
Arda Turan,Semih Þentürk 
Arda Turan,Sercan Yýldýrým 
Arda Turan,Serdar Kesimal
Arda Turan,Serkan Balcý
Arda Turan,Servet Çetin
Arda Turan,Sinan Bolat 
Arda Turan,Tolga Zengin
Arda Turan,Tunay Torun
Arda Turan,Tuncay Þanlý 
Arda Turan,Ufuk Ceylan
Arda Turan,Umut Bulut 
Arda Turan,Volkan Demirel
Arda Turan,Yekta Kurtuluþ
Arda Turan,Yiðit Ýncedemir
Burak Yýlmaz,Çaðlar Birinci 
Burak Yýlmaz,Caner Erkin
Burak Yýlmaz,Cenk Tosun 
Burak Yýlmaz,Colin Kazým-Richards 
Burak Yýlmaz,Egemen Korkmaz
Burak Yýlmaz,Emre Belözoðlu
Burak Yýlmaz,Emre Güngör 
Burak Yýlmaz,Engin Baytar 
Burak Yýlmaz,Eren Aydýn
Burak Yýlmaz,Gökhan Gönül
Burak Yýlmaz,Gökhan Süzen 
Burak Yýlmaz,Gökhan Töre
Burak Yýlmaz,Gökhan Zan
Burak Yýlmaz,Hakan Arýkan 
Burak Yýlmaz,Hakan Balta 
Burak Yýlmaz,Halil Altýntop
Burak Yýlmaz,Hamit Altýntop 
Burak Yýlmaz,Ýbrahim Akýn
Burak Yýlmaz,Ýbrahim Öztürk
Burak Yýlmaz,Ýbrahim Toraman
Burak Yýlmaz,Ýsmail Köybaþý
Burak Yýlmaz,Mehmet Aurélio
Burak Yýlmaz,Mehmet Ekici
Burak Yýlmaz,Mehmet Topal
Burak Yýlmaz,Mehmet Topuz
Burak Yýlmaz,Mert Günok
Burak Yýlmaz,Mevlüt Erdinç
Burak Yýlmaz,Nihat Kahveci 
Burak Yýlmaz,Nuri Þahin
Burak Yýlmaz,Ömer Erdoðan
Burak Yýlmaz,Ömer Toprak
Burak Yýlmaz,Onur Kývrak
Burak Yýlmaz,Orhan Gülle 
Burak Yýlmaz,Ozan Ýpek
Burak Yýlmaz,Özer Hurmacý 
Burak Yýlmaz,Sabri Sarýoðlu 
Burak Yýlmaz,Selçuk Ýnan
Burak Yýlmaz,Selçuk Þahin
Burak Yýlmaz,Semih Þentürk 
Burak Yýlmaz,Sercan Yýldýrým 
Burak Yýlmaz,Serdar Kesimal
Burak Yýlmaz,Serkan Balcý
Burak Yýlmaz,Servet Çetin
Burak Yýlmaz,Sinan Bolat 
Burak Yýlmaz,Tolga Zengin
Burak Yýlmaz,Tunay Torun
Burak Yýlmaz,Tuncay Þanlý 
Burak Yýlmaz,Ufuk Ceylan
Burak Yýlmaz,Umut Bulut 
Burak Yýlmaz,Volkan Demirel
Burak Yýlmaz,Yekta Kurtuluþ
Burak Yýlmaz,Yiðit Ýncedemir
Çaðlar Birinci ,Caner Erkin
Çaðlar Birinci ,Cenk Tosun 
Çaðlar Birinci ,Colin Kazým-Richards 
Çaðlar Birinci ,Egemen Korkmaz
Çaðlar Birinci ,Emre Belözoðlu
Çaðlar Birinci ,Emre Güngör 
Çaðlar Birinci ,Engin Baytar 
Çaðlar Birinci ,Eren Aydýn
Çaðlar Birinci ,Gökhan Gönül
Çaðlar Birinci ,Gökhan Süzen 
Çaðlar Birinci ,Gökhan Töre
Çaðlar Birinci ,Gökhan Zan
Çaðlar Birinci ,Hakan Arýkan 
Çaðlar Birinci ,Hakan Balta 
Çaðlar Birinci ,Halil Altýntop
Çaðlar Birinci ,Hamit Altýntop 
Çaðlar Birinci ,Ýbrahim Akýn
Çaðlar Birinci ,Ýbrahim Öztürk
Çaðlar Birinci ,Ýbrahim Toraman
Çaðlar Birinci ,Ýsmail Köybaþý
Çaðlar Birinci ,Mehmet Aurélio
Çaðlar Birinci ,Mehmet Ekici
Çaðlar Birinci ,Mehmet Topal
Çaðlar Birinci ,Mehmet Topuz
Çaðlar Birinci ,Mert Günok
Çaðlar Birinci ,Mevlüt Erdinç
Çaðlar Birinci ,Nihat Kahveci 
Çaðlar Birinci ,Nuri Þahin
Çaðlar Birinci ,Ömer Erdoðan
Çaðlar Birinci ,Ömer Toprak
Çaðlar Birinci ,Onur Kývrak
Çaðlar Birinci ,Orhan Gülle 
Çaðlar Birinci ,Ozan Ýpek
Çaðlar Birinci ,Özer Hurmacý 
Çaðlar Birinci ,Sabri Sarýoðlu 
Çaðlar Birinci ,Selçuk Ýnan
Çaðlar Birinci ,Selçuk Þahin
Çaðlar Birinci ,Semih Þentürk 
Çaðlar Birinci ,Sercan Yýldýrým 
Çaðlar Birinci ,Serdar Kesimal
Çaðlar Birinci ,Serkan Balcý
Çaðlar Birinci ,Servet Çetin
Çaðlar Birinci ,Sinan Bolat 
Çaðlar Birinci ,Tolga Zengin
Çaðlar Birinci ,Tunay Torun
Çaðlar Birinci ,Tuncay Þanlý 
Çaðlar Birinci ,Ufuk Ceylan
Çaðlar Birinci ,Umut Bulut 
Çaðlar Birinci ,Volkan Demirel
Çaðlar Birinci ,Yekta Kurtuluþ
Çaðlar Birinci ,Yiðit Ýncedemir
Caner Erkin,Cenk Tosun 
Caner Erkin,Colin Kazým-Richards 
Caner Erkin,Egemen Korkmaz
Caner Erkin,Emre Belözoðlu
Caner Erkin,Emre Güngör 
Caner Erkin,Engin Baytar 
Caner Erkin,Eren Aydýn
Caner Erkin,Gökhan Gönül
Caner Erkin,Gökhan Süzen 
Caner Erkin,Gökhan Töre
Caner Erkin,Gökhan Zan
Caner Erkin,Hakan Arýkan 
Caner Erkin,Hakan Balta 
Caner Erkin,Halil Altýntop
Caner Erkin,Hamit Altýntop 
Caner Erkin,Ýbrahim Akýn
Caner Erkin,Ýbrahim Öztürk
Caner Erkin,Ýbrahim Toraman
Caner Erkin,Ýsmail Köybaþý
Caner Erkin,Mehmet Aurélio
Caner Erkin,Mehmet Ekici
Caner Erkin,Mehmet Topal
Caner Erkin,Mehmet Topuz
Caner Erkin,Mert Günok
Caner Erkin,Mevlüt Erdinç
Caner Erkin,Nihat Kahveci 
Caner Erkin,Nuri Þahin
Caner Erkin,Ömer Erdoðan
Caner Erkin,Ömer Toprak
Caner Erkin,Onur Kývrak
Caner Erkin,Orhan Gülle 
Caner Erkin,Ozan Ýpek
Caner Erkin,Özer Hurmacý 
Caner Erkin,Sabri Sarýoðlu 
Caner Erkin,Selçuk Ýnan
Caner Erkin,Selçuk Þahin
Caner Erkin,Semih Þentürk 
Caner Erkin,Sercan Yýldýrým 
Caner Erkin,Serdar Kesimal
Caner Erkin,Serkan Balcý
Caner Erkin,Servet Çetin
Caner Erkin,Sinan Bolat 
Caner Erkin,Tolga Zengin
Caner Erkin,Tunay Torun
Caner Erkin,Tuncay Þanlý 
Caner Erkin,Ufuk Ceylan
Caner Erkin,Umut Bulut 
Caner Erkin,Volkan Demirel
Caner Erkin,Yekta Kurtuluþ
Caner Erkin,Yiðit Ýncedemir
Cenk Tosun ,Colin Kazým-Richards 
Cenk Tosun ,Egemen Korkmaz
Cenk Tosun ,Emre Belözoðlu
Cenk Tosun ,Emre Güngör 
Cenk Tosun ,Engin Baytar 
Cenk Tosun ,Eren Aydýn
Cenk Tosun ,Gökhan Gönül
Cenk Tosun ,Gökhan Süzen 
Cenk Tosun ,Gökhan Töre
Cenk Tosun ,Gökhan Zan
Cenk Tosun ,Hakan Arýkan 
Cenk Tosun ,Hakan Balta 
Cenk Tosun ,Halil Altýntop
Cenk Tosun ,Hamit Altýntop 
Cenk Tosun ,Ýbrahim Akýn
Cenk Tosun ,Ýbrahim Öztürk
Cenk Tosun ,Ýbrahim Toraman
Cenk Tosun ,Ýsmail Köybaþý
Cenk Tosun ,Mehmet Aurélio
Cenk Tosun ,Mehmet Ekici
Cenk Tosun ,Mehmet Topal
Cenk Tosun ,Mehmet Topuz
Cenk Tosun ,Mert Günok
Cenk Tosun ,Mevlüt Erdinç
Cenk Tosun ,Nihat Kahveci 
Cenk Tosun ,Nuri Þahin
Cenk Tosun ,Ömer Erdoðan
Cenk Tosun ,Ömer Toprak
Cenk Tosun ,Onur Kývrak
Cenk Tosun ,Orhan Gülle 
Cenk Tosun ,Ozan Ýpek
Cenk Tosun ,Özer Hurmacý 
Cenk Tosun ,Sabri Sarýoðlu 
Cenk Tosun ,Selçuk Ýnan
Cenk Tosun ,Selçuk Þahin
Cenk Tosun ,Semih Þentürk 
Cenk Tosun ,Sercan Yýldýrým 
Cenk Tosun ,Serdar Kesimal
Cenk Tosun ,Serkan Balcý
Cenk Tosun ,Servet Çetin
Cenk Tosun ,Sinan Bolat 
Cenk Tosun ,Tolga Zengin
Cenk Tosun ,Tunay Torun
Cenk Tosun ,Tuncay Þanlý 
Cenk Tosun ,Ufuk Ceylan
Cenk Tosun ,Umut Bulut 
Cenk Tosun ,Volkan Demirel
Cenk Tosun ,Yekta Kurtuluþ
Cenk Tosun ,Yiðit Ýncedemir
Colin Kazým-Richards ,Egemen Korkmaz
Colin Kazým-Richards ,Emre Belözoðlu
Colin Kazým-Richards ,Emre Güngör 
Colin Kazým-Richards ,Engin Baytar 
Colin Kazým-Richards ,Eren Aydýn
Colin Kazým-Richards ,Gökhan Gönül
Colin Kazým-Richards ,Gökhan Süzen 
Colin Kazým-Richards ,Gökhan Töre
Colin Kazým-Richards ,Gökhan Zan
Colin Kazým-Richards ,Hakan Arýkan 
Colin Kazým-Richards ,Hakan Balta 
Colin Kazým-Richards ,Halil Altýntop
Colin Kazým-Richards ,Hamit Altýntop 
Colin Kazým-Richards ,Ýbrahim Akýn
Colin Kazým-Richards ,Ýbrahim Öztürk
Colin Kazým-Richards ,Ýbrahim Toraman
Colin Kazým-Richards ,Ýsmail Köybaþý
Colin Kazým-Richards ,Mehmet Aurélio
Colin Kazým-Richards ,Mehmet Ekici
Colin Kazým-Richards ,Mehmet Topal
Colin Kazým-Richards ,Mehmet Topuz
Colin Kazým-Richards ,Mert Günok
Colin Kazým-Richards ,Mevlüt Erdinç
Colin Kazým-Richards ,Nihat Kahveci 
Colin Kazým-Richards ,Nuri Þahin
Colin Kazým-Richards ,Ömer Erdoðan
Colin Kazým-Richards ,Ömer Toprak
Colin Kazým-Richards ,Onur Kývrak
Colin Kazým-Richards ,Orhan Gülle 
Colin Kazým-Richards ,Ozan Ýpek
Colin Kazým-Richards ,Özer Hurmacý 
Colin Kazým-Richards ,Sabri Sarýoðlu 
Colin Kazým-Richards ,Selçuk Ýnan
Colin Kazým-Richards ,Selçuk Þahin
Colin Kazým-Richards ,Semih Þentürk 
Colin Kazým-Richards ,Sercan Yýldýrým 
Colin Kazým-Richards ,Serdar Kesimal
Colin Kazým-Richards ,Serkan Balcý
Colin Kazým-Richards ,Servet Çetin
Colin Kazým-Richards ,Sinan Bolat 
Colin Kazým-Richards ,Tolga Zengin
Colin Kazým-Richards ,Tunay Torun
Colin Kazým-Richards ,Tuncay Þanlý 
Colin Kazým-Richards ,Ufuk Ceylan
Colin Kazým-Richards ,Umut Bulut 
Colin Kazým-Richards ,Volkan Demirel
Colin Kazým-Richards ,Yekta Kurtuluþ
Colin Kazým-Richards ,Yiðit Ýncedemir
Egemen Korkmaz,Emre Belözoðlu
Egemen Korkmaz,Emre Güngör 
Egemen Korkmaz,Engin Baytar 
Egemen Korkmaz,Eren Aydýn
Egemen Korkmaz,Gökhan Gönül
Egemen Korkmaz,Gökhan Süzen 
Egemen Korkmaz,Gökhan Töre
Egemen Korkmaz,Gökhan Zan
Egemen Korkmaz,Hakan Arýkan 
Egemen Korkmaz,Hakan Balta 
Egemen Korkmaz,Halil Altýntop
Egemen Korkmaz,Hamit Altýntop 
Egemen Korkmaz,Ýbrahim Akýn
Egemen Korkmaz,Ýbrahim Öztürk
Egemen Korkmaz,Ýbrahim Toraman
Egemen Korkmaz,Ýsmail Köybaþý
Egemen Korkmaz,Mehmet Aurélio
Egemen Korkmaz,Mehmet Ekici
Egemen Korkmaz,Mehmet Topal
Egemen Korkmaz,Mehmet Topuz
Egemen Korkmaz,Mert Günok
Egemen Korkmaz,Mevlüt Erdinç
Egemen Korkmaz,Nihat Kahveci 
Egemen Korkmaz,Nuri Þahin
Egemen Korkmaz,Ömer Erdoðan
Egemen Korkmaz,Ömer Toprak
Egemen Korkmaz,Onur Kývrak
Egemen Korkmaz,Orhan Gülle 
Egemen Korkmaz,Ozan Ýpek
Egemen Korkmaz,Özer Hurmacý 
Egemen Korkmaz,Sabri Sarýoðlu 
Egemen Korkmaz,Selçuk Ýnan
Egemen Korkmaz,Selçuk Þahin
Egemen Korkmaz,Semih Þentürk 
Egemen Korkmaz,Sercan Yýldýrým 
Egemen Korkmaz,Serdar Kesimal
Egemen Korkmaz,Serkan Balcý
Egemen Korkmaz,Servet Çetin
Egemen Korkmaz,Sinan Bolat 
Egemen Korkmaz,Tolga Zengin
Egemen Korkmaz,Tunay Torun
Egemen Korkmaz,Tuncay Þanlý 
Egemen Korkmaz,Ufuk Ceylan
Egemen Korkmaz,Umut Bulut 
Egemen Korkmaz,Volkan Demirel
Egemen Korkmaz,Yekta Kurtuluþ
Egemen Korkmaz,Yiðit Ýncedemir
Emre Belözoðlu,Emre Güngör 
Emre Belözoðlu,Engin Baytar 
Emre Belözoðlu,Eren Aydýn
Emre Belözoðlu,Gökhan Gönül
Emre Belözoðlu,Gökhan Süzen 
Emre Belözoðlu,Gökhan Töre
Emre Belözoðlu,Gökhan Zan
Emre Belözoðlu,Hakan Arýkan 
Emre Belözoðlu,Hakan Balta 
Emre Belözoðlu,Halil Altýntop
Emre Belözoðlu,Hamit Altýntop 
Emre Belözoðlu,Ýbrahim Akýn
Emre Belözoðlu,Ýbrahim Öztürk
Emre Belözoðlu,Ýbrahim Toraman
Emre Belözoðlu,Ýsmail Köybaþý
Emre Belözoðlu,Mehmet Aurélio
Emre Belözoðlu,Mehmet Ekici
Emre Belözoðlu,Mehmet Topal
Emre Belözoðlu,Mehmet Topuz
Emre Belözoðlu,Mert Günok
Emre Belözoðlu,Mevlüt Erdinç
Emre Belözoðlu,Nihat Kahveci 
Emre Belözoðlu,Nuri Þahin
Emre Belözoðlu,Ömer Erdoðan
Emre Belözoðlu,Ömer Toprak
Emre Belözoðlu,Onur Kývrak
Emre Belözoðlu,Orhan Gülle 
Emre Belözoðlu,Ozan Ýpek
Emre Belözoðlu,Özer Hurmacý 
Emre Belözoðlu,Sabri Sarýoðlu 
Emre Belözoðlu,Selçuk Ýnan
Emre Belözoðlu,Selçuk Þahin
Emre Belözoðlu,Semih Þentürk 
Emre Belözoðlu,Sercan Yýldýrým 
Emre Belözoðlu,Serdar Kesimal
Emre Belözoðlu,Serkan Balcý
Emre Belözoðlu,Servet Çetin
Emre Belözoðlu,Sinan Bolat 
Emre Belözoðlu,Tolga Zengin
Emre Belözoðlu,Tunay Torun
Emre Belözoðlu,Tuncay Þanlý 
Emre Belözoðlu,Ufuk Ceylan
Emre Belözoðlu,Umut Bulut 
Emre Belözoðlu,Volkan Demirel
Emre Belözoðlu,Yekta Kurtuluþ
Emre Belözoðlu,Yiðit Ýncedemir
Emre Güngör ,Engin Baytar 
Emre Güngör ,Eren Aydýn
Emre Güngör ,Gökhan Gönül
Emre Güngör ,Gökhan Süzen 
Emre Güngör ,Gökhan Töre
Emre Güngör ,Gökhan Zan
Emre Güngör ,Hakan Arýkan 
Emre Güngör ,Hakan Balta 
Emre Güngör ,Halil Altýntop
Emre Güngör ,Hamit Altýntop 
Emre Güngör ,Ýbrahim Akýn
Emre Güngör ,Ýbrahim Öztürk
Emre Güngör ,Ýbrahim Toraman
Emre Güngör ,Ýsmail Köybaþý
Emre Güngör ,Mehmet Aurélio
Emre Güngör ,Mehmet Ekici
Emre Güngör ,Mehmet Topal
Emre Güngör ,Mehmet Topuz
Emre Güngör ,Mert Günok
Emre Güngör ,Mevlüt Erdinç
Emre Güngör ,Nihat Kahveci 
Emre Güngör ,Nuri Þahin
Emre Güngör ,Ömer Erdoðan
Emre Güngör ,Ömer Toprak
Emre Güngör ,Onur Kývrak
Emre Güngör ,Orhan Gülle 
Emre Güngör ,Ozan Ýpek
Emre Güngör ,Özer Hurmacý 
Emre Güngör ,Sabri Sarýoðlu 
Emre Güngör ,Selçuk Ýnan
Emre Güngör ,Selçuk Þahin
Emre Güngör ,Semih Þentürk 
Emre Güngör ,Sercan Yýldýrým 
Emre Güngör ,Serdar Kesimal
Emre Güngör ,Serkan Balcý
Emre Güngör ,Servet Çetin
Emre Güngör ,Sinan Bolat 
Emre Güngör ,Tolga Zengin
Emre Güngör ,Tunay Torun
Emre Güngör ,Tuncay Þanlý 
Emre Güngör ,Ufuk Ceylan
Emre Güngör ,Umut Bulut 
Emre Güngör ,Volkan Demirel
Emre Güngör ,Yekta Kurtuluþ
Emre Güngör ,Yiðit Ýncedemir
Engin Baytar ,Eren Aydýn
Engin Baytar ,Gökhan Gönül
Engin Baytar ,Gökhan Süzen 
Engin Baytar ,Gökhan Töre
Engin Baytar ,Gökhan Zan
Engin Baytar ,Hakan Arýkan 
Engin Baytar ,Hakan Balta 
Engin Baytar ,Halil Altýntop
Engin Baytar ,Hamit Altýntop 
Engin Baytar ,Ýbrahim Akýn
Engin Baytar ,Ýbrahim Öztürk
Engin Baytar ,Ýbrahim Toraman
Engin Baytar ,Ýsmail Köybaþý
Engin Baytar ,Mehmet Aurélio
Engin Baytar ,Mehmet Ekici
Engin Baytar ,Mehmet Topal
Engin Baytar ,Mehmet Topuz
Engin Baytar ,Mert Günok
Engin Baytar ,Mevlüt Erdinç
Engin Baytar ,Nihat Kahveci 
Engin Baytar ,Nuri Þahin
Engin Baytar ,Ömer Erdoðan
Engin Baytar ,Ömer Toprak
Engin Baytar ,Onur Kývrak
Engin Baytar ,Orhan Gülle 
Engin Baytar ,Ozan Ýpek
Engin Baytar ,Özer Hurmacý 
Engin Baytar ,Sabri Sarýoðlu 
Engin Baytar ,Selçuk Ýnan
Engin Baytar ,Selçuk Þahin
Engin Baytar ,Semih Þentürk 
Engin Baytar ,Sercan Yýldýrým 
Engin Baytar ,Serdar Kesimal
Engin Baytar ,Serkan Balcý
Engin Baytar ,Servet Çetin
Engin Baytar ,Sinan Bolat 
Engin Baytar ,Tolga Zengin
Engin Baytar ,Tunay Torun
Engin Baytar ,Tuncay Þanlý 
Engin Baytar ,Ufuk Ceylan
Engin Baytar ,Umut Bulut 
Engin Baytar ,Volkan Demirel
Engin Baytar ,Yekta Kurtuluþ
Engin Baytar ,Yiðit Ýncedemir
Eren Aydýn,Gökhan Gönül
Eren Aydýn,Gökhan Süzen 
Eren Aydýn,Gökhan Töre
Eren Aydýn,Gökhan Zan
Eren Aydýn,Hakan Arýkan 
Eren Aydýn,Hakan Balta 
Eren Aydýn,Halil Altýntop
Eren Aydýn,Hamit Altýntop 
Eren Aydýn,Ýbrahim Akýn
Eren Aydýn,Ýbrahim Öztürk
Eren Aydýn,Ýbrahim Toraman
Eren Aydýn,Ýsmail Köybaþý
Eren Aydýn,Mehmet Aurélio
Eren Aydýn,Mehmet Ekici
Eren Aydýn,Mehmet Topal
Eren Aydýn,Mehmet Topuz
Eren Aydýn,Mert Günok
Eren Aydýn,Mevlüt Erdinç
Eren Aydýn,Nihat Kahveci 
Eren Aydýn,Nuri Þahin
Eren Aydýn,Ömer Erdoðan
Eren Aydýn,Ömer Toprak
Eren Aydýn,Onur Kývrak
Eren Aydýn,Orhan Gülle 
Eren Aydýn,Ozan Ýpek
Eren Aydýn,Özer Hurmacý 
Eren Aydýn,Sabri Sarýoðlu 
Eren Aydýn,Selçuk Ýnan
Eren Aydýn,Selçuk Þahin
Eren Aydýn,Semih Þentürk 
Eren Aydýn,Sercan Yýldýrým 
Eren Aydýn,Serdar Kesimal
Eren Aydýn,Serkan Balcý
Eren Aydýn,Servet Çetin
Eren Aydýn,Sinan Bolat 
Eren Aydýn,Tolga Zengin
Eren Aydýn,Tunay Torun
Eren Aydýn,Tuncay Þanlý 
Eren Aydýn,Ufuk Ceylan
Eren Aydýn,Umut Bulut 
Eren Aydýn,Volkan Demirel
Eren Aydýn,Yekta Kurtuluþ
Eren Aydýn,Yiðit Ýncedemir
Gökhan Gönül,Gökhan Süzen 
Gökhan Gönül,Gökhan Töre
Gökhan Gönül,Gökhan Zan
Gökhan Gönül,Hakan Arýkan 
Gökhan Gönül,Hakan Balta 
Gökhan Gönül,Halil Altýntop
Gökhan Gönül,Hamit Altýntop 
Gökhan Gönül,Ýbrahim Akýn
Gökhan Gönül,Ýbrahim Öztürk
Gökhan Gönül,Ýbrahim Toraman
Gökhan Gönül,Ýsmail Köybaþý
Gökhan Gönül,Mehmet Aurélio
Gökhan Gönül,Mehmet Ekici
Gökhan Gönül,Mehmet Topal
Gökhan Gönül,Mehmet Topuz
Gökhan Gönül,Mert Günok
Gökhan Gönül,Mevlüt Erdinç
Gökhan Gönül,Nihat Kahveci 
Gökhan Gönül,Nuri Þahin
Gökhan Gönül,Ömer Erdoðan
Gökhan Gönül,Ömer Toprak
Gökhan Gönül,Onur Kývrak
Gökhan Gönül,Orhan Gülle 
Gökhan Gönül,Ozan Ýpek
Gökhan Gönül,Özer Hurmacý 
Gökhan Gönül,Sabri Sarýoðlu 
Gökhan Gönül,Selçuk Ýnan
Gökhan Gönül,Selçuk Þahin
Gökhan Gönül,Semih Þentürk 
Gökhan Gönül,Sercan Yýldýrým 
Gökhan Gönül,Serdar Kesimal
Gökhan Gönül,Serkan Balcý
Gökhan Gönül,Servet Çetin
Gökhan Gönül,Sinan Bolat 
Gökhan Gönül,Tolga Zengin
Gökhan Gönül,Tunay Torun
Gökhan Gönül,Tuncay Þanlý 
Gökhan Gönül,Ufuk Ceylan
Gökhan Gönül,Umut Bulut 
Gökhan Gönül,Volkan Demirel
Gökhan Gönül,Yekta Kurtuluþ
Gökhan Gönül,Yiðit Ýncedemir
Gökhan Süzen ,Gökhan Töre
Gökhan Süzen ,Gökhan Zan
Gökhan Süzen ,Hakan Arýkan 
Gökhan Süzen ,Hakan Balta 
Gökhan Süzen ,Halil Altýntop
Gökhan Süzen ,Hamit Altýntop 
Gökhan Süzen ,Ýbrahim Akýn
Gökhan Süzen ,Ýbrahim Öztürk
Gökhan Süzen ,Ýbrahim Toraman
Gökhan Süzen ,Ýsmail Köybaþý
Gökhan Süzen ,Mehmet Aurélio
Gökhan Süzen ,Mehmet Ekici
Gökhan Süzen ,Mehmet Topal
Gökhan Süzen ,Mehmet Topuz
Gökhan Süzen ,Mert Günok
Gökhan Süzen ,Mevlüt Erdinç
Gökhan Süzen ,Nihat Kahveci 
Gökhan Süzen ,Nuri Þahin
Gökhan Süzen ,Ömer Erdoðan
Gökhan Süzen ,Ömer Toprak
Gökhan Süzen ,Onur Kývrak
Gökhan Süzen ,Orhan Gülle 
Gökhan Süzen ,Ozan Ýpek
Gökhan Süzen ,Özer Hurmacý 
Gökhan Süzen ,Sabri Sarýoðlu 
Gökhan Süzen ,Selçuk Ýnan
Gökhan Süzen ,Selçuk Þahin
Gökhan Süzen ,Semih Þentürk 
Gökhan Süzen ,Sercan Yýldýrým 
Gökhan Süzen ,Serdar Kesimal
Gökhan Süzen ,Serkan Balcý
Gökhan Süzen ,Servet Çetin
Gökhan Süzen ,Sinan Bolat 
Gökhan Süzen ,Tolga Zengin
Gökhan Süzen ,Tunay Torun
Gökhan Süzen ,Tuncay Þanlý 
Gökhan Süzen ,Ufuk Ceylan
Gökhan Süzen ,Umut Bulut 
Gökhan Süzen ,Volkan Demirel
Gökhan Süzen ,Yekta Kurtuluþ
Gökhan Süzen ,Yiðit Ýncedemir
Gökhan Töre,Gökhan Zan
Gökhan Töre,Hakan Arýkan 
Gökhan Töre,Hakan Balta 
Gökhan Töre,Halil Altýntop
Gökhan Töre,Hamit Altýntop 
Gökhan Töre,Ýbrahim Akýn
Gökhan Töre,Ýbrahim Öztürk
Gökhan Töre,Ýbrahim Toraman
Gökhan Töre,Ýsmail Köybaþý
Gökhan Töre,Mehmet Aurélio
Gökhan Töre,Mehmet Ekici
Gökhan Töre,Mehmet Topal
Gökhan Töre,Mehmet Topuz
Gökhan Töre,Mert Günok
Gökhan Töre,Mevlüt Erdinç
Gökhan Töre,Nihat Kahveci 
Gökhan Töre,Nuri Þahin
Gökhan Töre,Ömer Erdoðan
Gökhan Töre,Ömer Toprak
Gökhan Töre,Onur Kývrak
Gökhan Töre,Orhan Gülle 
Gökhan Töre,Ozan Ýpek
Gökhan Töre,Özer Hurmacý 
Gökhan Töre,Sabri Sarýoðlu 
Gökhan Töre,Selçuk Ýnan
Gökhan Töre,Selçuk Þahin
Gökhan Töre,Semih Þentürk 
Gökhan Töre,Sercan Yýldýrým 
Gökhan Töre,Serdar Kesimal
Gökhan Töre,Serkan Balcý
Gökhan Töre,Servet Çetin
Gökhan Töre,Sinan Bolat 
Gökhan Töre,Tolga Zengin
Gökhan Töre,Tunay Torun
Gökhan Töre,Tuncay Þanlý 
Gökhan Töre,Ufuk Ceylan
Gökhan Töre,Umut Bulut 
Gökhan Töre,Volkan Demirel
Gökhan Töre,Yekta Kurtuluþ
Gökhan Töre,Yiðit Ýncedemir
Gökhan Zan,Hakan Arýkan 
Gökhan Zan,Hakan Balta 
Gökhan Zan,Halil Altýntop
Gökhan Zan,Hamit Altýntop 
Gökhan Zan,Ýbrahim Akýn
Gökhan Zan,Ýbrahim Öztürk
Gökhan Zan,Ýbrahim Toraman
Gökhan Zan,Ýsmail Köybaþý
Gökhan Zan,Mehmet Aurélio
Gökhan Zan,Mehmet Ekici
Gökhan Zan,Mehmet Topal
Gökhan Zan,Mehmet Topuz
Gökhan Zan,Mert Günok
Gökhan Zan,Mevlüt Erdinç
Gökhan Zan,Nihat Kahveci 
Gökhan Zan,Nuri Þahin
Gökhan Zan,Ömer Erdoðan
Gökhan Zan,Ömer Toprak
Gökhan Zan,Onur Kývrak
Gökhan Zan,Orhan Gülle 
Gökhan Zan,Ozan Ýpek
Gökhan Zan,Özer Hurmacý 
Gökhan Zan,Sabri Sarýoðlu 
Gökhan Zan,Selçuk Ýnan
Gökhan Zan,Selçuk Þahin
Gökhan Zan,Semih Þentürk 
Gökhan Zan,Sercan Yýldýrým 
Gökhan Zan,Serdar Kesimal
Gökhan Zan,Serkan Balcý
Gökhan Zan,Servet Çetin
Gökhan Zan,Sinan Bolat 
Gökhan Zan,Tolga Zengin
Gökhan Zan,Tunay Torun
Gökhan Zan,Tuncay Þanlý 
Gökhan Zan,Ufuk Ceylan
Gökhan Zan,Umut Bulut 
Gökhan Zan,Volkan Demirel
Gökhan Zan,Yekta Kurtuluþ
Gökhan Zan,Yiðit Ýncedemir
Hakan Arýkan ,Hakan Balta 
Hakan Arýkan ,Halil Altýntop
Hakan Arýkan ,Hamit Altýntop 
Hakan Arýkan ,Ýbrahim Akýn
Hakan Arýkan ,Ýbrahim Öztürk
Hakan Arýkan ,Ýbrahim Toraman
Hakan Arýkan ,Ýsmail Köybaþý
Hakan Arýkan ,Mehmet Aurélio
Hakan Arýkan ,Mehmet Ekici
Hakan Arýkan ,Mehmet Topal
Hakan Arýkan ,Mehmet Topuz
Hakan Arýkan ,Mert Günok
Hakan Arýkan ,Mevlüt Erdinç
Hakan Arýkan ,Nihat Kahveci 
Hakan Arýkan ,Nuri Þahin
Hakan Arýkan ,Ömer Erdoðan
Hakan Arýkan ,Ömer Toprak
Hakan Arýkan ,Onur Kývrak
Hakan Arýkan ,Orhan Gülle 
Hakan Arýkan ,Ozan Ýpek
Hakan Arýkan ,Özer Hurmacý 
Hakan Arýkan ,Sabri Sarýoðlu 
Hakan Arýkan ,Selçuk Ýnan
Hakan Arýkan ,Selçuk Þahin
Hakan Arýkan ,Semih Þentürk 
Hakan Arýkan ,Sercan Yýldýrým 
Hakan Arýkan ,Serdar Kesimal
Hakan Arýkan ,Serkan Balcý
Hakan Arýkan ,Servet Çetin
Hakan Arýkan ,Sinan Bolat 
Hakan Arýkan ,Tolga Zengin
Hakan Arýkan ,Tunay Torun
Hakan Arýkan ,Tuncay Þanlý 
Hakan Arýkan ,Ufuk Ceylan
Hakan Arýkan ,Umut Bulut 
Hakan Arýkan ,Volkan Demirel
Hakan Arýkan ,Yekta Kurtuluþ
Hakan Arýkan ,Yiðit Ýncedemir
Hakan Balta ,Halil Altýntop
Hakan Balta ,Hamit Altýntop 
Hakan Balta ,Ýbrahim Akýn
Hakan Balta ,Ýbrahim Öztürk
Hakan Balta ,Ýbrahim Toraman
Hakan Balta ,Ýsmail Köybaþý
Hakan Balta ,Mehmet Aurélio
Hakan Balta ,Mehmet Ekici
Hakan Balta ,Mehmet Topal
Hakan Balta ,Mehmet Topuz
Hakan Balta ,Mert Günok
Hakan Balta ,Mevlüt Erdinç
Hakan Balta ,Nihat Kahveci 
Hakan Balta ,Nuri Þahin
Hakan Balta ,Ömer Erdoðan
Hakan Balta ,Ömer Toprak
Hakan Balta ,Onur Kývrak
Hakan Balta ,Orhan Gülle 
Hakan Balta ,Ozan Ýpek
Hakan Balta ,Özer Hurmacý 
Hakan Balta ,Sabri Sarýoðlu 
Hakan Balta ,Selçuk Ýnan
Hakan Balta ,Selçuk Þahin
Hakan Balta ,Semih Þentürk 
Hakan Balta ,Sercan Yýldýrým 
Hakan Balta ,Serdar Kesimal
Hakan Balta ,Serkan Balcý
Hakan Balta ,Servet Çetin
Hakan Balta ,Sinan Bolat 
Hakan Balta ,Tolga Zengin
Hakan Balta ,Tunay Torun
Hakan Balta ,Tuncay Þanlý 
Hakan Balta ,Ufuk Ceylan
Hakan Balta ,Umut Bulut 
Hakan Balta ,Volkan Demirel
Hakan Balta ,Yekta Kurtuluþ
Hakan Balta ,Yiðit Ýncedemir
Halil Altýntop,Hamit Altýntop 
Halil Altýntop,Ýbrahim Akýn
Halil Altýntop,Ýbrahim Öztürk
Halil Altýntop,Ýbrahim Toraman
Halil Altýntop,Ýsmail Köybaþý
Halil Altýntop,Mehmet Aurélio
Halil Altýntop,Mehmet Ekici
Halil Altýntop,Mehmet Topal
Halil Altýntop,Mehmet Topuz
Halil Altýntop,Mert Günok
Halil Altýntop,Mevlüt Erdinç
Halil Altýntop,Nihat Kahveci 
Halil Altýntop,Nuri Þahin
Halil Altýntop,Ömer Erdoðan
Halil Altýntop,Ömer Toprak
Halil Altýntop,Onur Kývrak
Halil Altýntop,Orhan Gülle 
Halil Altýntop,Ozan Ýpek
Halil Altýntop,Özer Hurmacý 
Halil Altýntop,Sabri Sarýoðlu 
Halil Altýntop,Selçuk Ýnan
Halil Altýntop,Selçuk Þahin
Halil Altýntop,Semih Þentürk 
Halil Altýntop,Sercan Yýldýrým 
Halil Altýntop,Serdar Kesimal
Halil Altýntop,Serkan Balcý
Halil Altýntop,Servet Çetin
Halil Altýntop,Sinan Bolat 
Halil Altýntop,Tolga Zengin
Halil Altýntop,Tunay Torun
Halil Altýntop,Tuncay Þanlý 
Halil Altýntop,Ufuk Ceylan
Halil Altýntop,Umut Bulut 
Halil Altýntop,Volkan Demirel
Halil Altýntop,Yekta Kurtuluþ
Halil Altýntop,Yiðit Ýncedemir
Hamit Altýntop ,Ýbrahim Akýn
Hamit Altýntop ,Ýbrahim Öztürk
Hamit Altýntop ,Ýbrahim Toraman
Hamit Altýntop ,Ýsmail Köybaþý
Hamit Altýntop ,Mehmet Aurélio
Hamit Altýntop ,Mehmet Ekici
Hamit Altýntop ,Mehmet Topal
Hamit Altýntop ,Mehmet Topuz
Hamit Altýntop ,Mert Günok
Hamit Altýntop ,Mevlüt Erdinç
Hamit Altýntop ,Nihat Kahveci 
Hamit Altýntop ,Nuri Þahin
Hamit Altýntop ,Ömer Erdoðan
Hamit Altýntop ,Ömer Toprak
Hamit Altýntop ,Onur Kývrak
Hamit Altýntop ,Orhan Gülle 
Hamit Altýntop ,Ozan Ýpek
Hamit Altýntop ,Özer Hurmacý 
Hamit Altýntop ,Sabri Sarýoðlu 
Hamit Altýntop ,Selçuk Ýnan
Hamit Altýntop ,Selçuk Þahin
Hamit Altýntop ,Semih Þentürk 
Hamit Altýntop ,Sercan Yýldýrým 
Hamit Altýntop ,Serdar Kesimal
Hamit Altýntop ,Serkan Balcý
Hamit Altýntop ,Servet Çetin
Hamit Altýntop ,Sinan Bolat 
Hamit Altýntop ,Tolga Zengin
Hamit Altýntop ,Tunay Torun
Hamit Altýntop ,Tuncay Þanlý 
Hamit Altýntop ,Ufuk Ceylan
Hamit Altýntop ,Umut Bulut 
Hamit Altýntop ,Volkan Demirel
Hamit Altýntop ,Yekta Kurtuluþ
Hamit Altýntop ,Yiðit Ýncedemir
Ýbrahim Akýn,Ýbrahim Öztürk
Ýbrahim Akýn,Ýbrahim Toraman
Ýbrahim Akýn,Ýsmail Köybaþý
Ýbrahim Akýn,Mehmet Aurélio
Ýbrahim Akýn,Mehmet Ekici
Ýbrahim Akýn,Mehmet Topal
Ýbrahim Akýn,Mehmet Topuz
Ýbrahim Akýn,Mert Günok
Ýbrahim Akýn,Mevlüt Erdinç
Ýbrahim Akýn,Nihat Kahveci 
Ýbrahim Akýn,Nuri Þahin
Ýbrahim Akýn,Ömer Erdoðan
Ýbrahim Akýn,Ömer Toprak
Ýbrahim Akýn,Onur Kývrak
Ýbrahim Akýn,Orhan Gülle 
Ýbrahim Akýn,Ozan Ýpek
Ýbrahim Akýn,Özer Hurmacý 
Ýbrahim Akýn,Sabri Sarýoðlu 
Ýbrahim Akýn,Selçuk Ýnan
Ýbrahim Akýn,Selçuk Þahin
Ýbrahim Akýn,Semih Þentürk 
Ýbrahim Akýn,Sercan Yýldýrým 
Ýbrahim Akýn,Serdar Kesimal
Ýbrahim Akýn,Serkan Balcý
Ýbrahim Akýn,Servet Çetin
Ýbrahim Akýn,Sinan Bolat 
Ýbrahim Akýn,Tolga Zengin
Ýbrahim Akýn,Tunay Torun
Ýbrahim Akýn,Tuncay Þanlý 
Ýbrahim Akýn,Ufuk Ceylan
Ýbrahim Akýn,Umut Bulut 
Ýbrahim Akýn,Volkan Demirel
Ýbrahim Akýn,Yekta Kurtuluþ
Ýbrahim Akýn,Yiðit Ýncedemir
Ýbrahim Öztürk,Ýbrahim Toraman
Ýbrahim Öztürk,Ýsmail Köybaþý
Ýbrahim Öztürk,Mehmet Aurélio
Ýbrahim Öztürk,Mehmet Ekici
Ýbrahim Öztürk,Mehmet Topal
Ýbrahim Öztürk,Mehmet Topuz
Ýbrahim Öztürk,Mert Günok
Ýbrahim Öztürk,Mevlüt Erdinç
Ýbrahim Öztürk,Nihat Kahveci 
Ýbrahim Öztürk,Nuri Þahin
Ýbrahim Öztürk,Ömer Erdoðan
Ýbrahim Öztürk,Ömer Toprak
Ýbrahim Öztürk,Onur Kývrak
Ýbrahim Öztürk,Orhan Gülle 
Ýbrahim Öztürk,Ozan Ýpek
Ýbrahim Öztürk,Özer Hurmacý 
Ýbrahim Öztürk,Sabri Sarýoðlu 
Ýbrahim Öztürk,Selçuk Ýnan
Ýbrahim Öztürk,Selçuk Þahin
Ýbrahim Öztürk,Semih Þentürk 
Ýbrahim Öztürk,Sercan Yýldýrým 
Ýbrahim Öztürk,Serdar Kesimal
Ýbrahim Öztürk,Serkan Balcý
Ýbrahim Öztürk,Servet Çetin
Ýbrahim Öztürk,Sinan Bolat 
Ýbrahim Öztürk,Tolga Zengin
Ýbrahim Öztürk,Tunay Torun
Ýbrahim Öztürk,Tuncay Þanlý 
Ýbrahim Öztürk,Ufuk Ceylan
Ýbrahim Öztürk,Umut Bulut 
Ýbrahim Öztürk,Volkan Demirel
Ýbrahim Öztürk,Yekta Kurtuluþ
Ýbrahim Öztürk,Yiðit Ýncedemir
Ýbrahim Toraman,Ýsmail Köybaþý
Ýbrahim Toraman,Mehmet Aurélio
Ýbrahim Toraman,Mehmet Ekici
Ýbrahim Toraman,Mehmet Topal
Ýbrahim Toraman,Mehmet Topuz
Ýbrahim Toraman,Mert Günok
Ýbrahim Toraman,Mevlüt Erdinç
Ýbrahim Toraman,Nihat Kahveci 
Ýbrahim Toraman,Nuri Þahin
Ýbrahim Toraman,Ömer Erdoðan
Ýbrahim Toraman,Ömer Toprak
Ýbrahim Toraman,Onur Kývrak
Ýbrahim Toraman,Orhan Gülle 
Ýbrahim Toraman,Ozan Ýpek
Ýbrahim Toraman,Özer Hurmacý 
Ýbrahim Toraman,Sabri Sarýoðlu 
Ýbrahim Toraman,Selçuk Ýnan
Ýbrahim Toraman,Selçuk Þahin
Ýbrahim Toraman,Semih Þentürk 
Ýbrahim Toraman,Sercan Yýldýrým 
Ýbrahim Toraman,Serdar Kesimal
Ýbrahim Toraman,Serkan Balcý
Ýbrahim Toraman,Servet Çetin
Ýbrahim Toraman,Sinan Bolat 
Ýbrahim Toraman,Tolga Zengin
Ýbrahim Toraman,Tunay Torun
Ýbrahim Toraman,Tuncay Þanlý 
Ýbrahim Toraman,Ufuk Ceylan
Ýbrahim Toraman,Umut Bulut 
Ýbrahim Toraman,Volkan Demirel
Ýbrahim Toraman,Yekta Kurtuluþ
Ýbrahim Toraman,Yiðit Ýncedemir
Ýsmail Köybaþý,Mehmet Aurélio
Ýsmail Köybaþý,Mehmet Ekici
Ýsmail Köybaþý,Mehmet Topal
Ýsmail Köybaþý,Mehmet Topuz
Ýsmail Köybaþý,Mert Günok
Ýsmail Köybaþý,Mevlüt Erdinç
Ýsmail Köybaþý,Nihat Kahveci 
Ýsmail Köybaþý,Nuri Þahin
Ýsmail Köybaþý,Ömer Erdoðan
Ýsmail Köybaþý,Ömer Toprak
Ýsmail Köybaþý,Onur Kývrak
Ýsmail Köybaþý,Orhan Gülle 
Ýsmail Köybaþý,Ozan Ýpek
Ýsmail Köybaþý,Özer Hurmacý 
Ýsmail Köybaþý,Sabri Sarýoðlu 
Ýsmail Köybaþý,Selçuk Ýnan
Ýsmail Köybaþý,Selçuk Þahin
Ýsmail Köybaþý,Semih Þentürk 
Ýsmail Köybaþý,Sercan Yýldýrým 
Ýsmail Köybaþý,Serdar Kesimal
Ýsmail Köybaþý,Serkan Balcý
Ýsmail Köybaþý,Servet Çetin
Ýsmail Köybaþý,Sinan Bolat 
Ýsmail Köybaþý,Tolga Zengin
Ýsmail Köybaþý,Tunay Torun
Ýsmail Köybaþý,Tuncay Þanlý 
Ýsmail Köybaþý,Ufuk Ceylan
Ýsmail Köybaþý,Umut Bulut 
Ýsmail Köybaþý,Volkan Demirel
Ýsmail Köybaþý,Yekta Kurtuluþ
Ýsmail Köybaþý,Yiðit Ýncedemir
Mehmet Aurélio,Mehmet Ekici
Mehmet Aurélio,Mehmet Topal
Mehmet Aurélio,Mehmet Topuz
Mehmet Aurélio,Mert Günok
Mehmet Aurélio,Mevlüt Erdinç
Mehmet Aurélio,Nihat Kahveci 
Mehmet Aurélio,Nuri Þahin
Mehmet Aurélio,Ömer Erdoðan
Mehmet Aurélio,Ömer Toprak
Mehmet Aurélio,Onur Kývrak
Mehmet Aurélio,Orhan Gülle 
Mehmet Aurélio,Ozan Ýpek
Mehmet Aurélio,Özer Hurmacý 
Mehmet Aurélio,Sabri Sarýoðlu 
Mehmet Aurélio,Selçuk Ýnan
Mehmet Aurélio,Selçuk Þahin
Mehmet Aurélio,Semih Þentürk 
Mehmet Aurélio,Sercan Yýldýrým 
Mehmet Aurélio,Serdar Kesimal
Mehmet Aurélio,Serkan Balcý
Mehmet Aurélio,Servet Çetin
Mehmet Aurélio,Sinan Bolat 
Mehmet Aurélio,Tolga Zengin
Mehmet Aurélio,Tunay Torun
Mehmet Aurélio,Tuncay Þanlý 
Mehmet Aurélio,Ufuk Ceylan
Mehmet Aurélio,Umut Bulut 
Mehmet Aurélio,Volkan Demirel
Mehmet Aurélio,Yekta Kurtuluþ
Mehmet Aurélio,Yiðit Ýncedemir
Mehmet Ekici,Mehmet Topal
Mehmet Ekici,Mehmet Topuz
Mehmet Ekici,Mert Günok
Mehmet Ekici,Mevlüt Erdinç
Mehmet Ekici,Nihat Kahveci 
Mehmet Ekici,Nuri Þahin
Mehmet Ekici,Ömer Erdoðan
Mehmet Ekici,Ömer Toprak
Mehmet Ekici,Onur Kývrak
Mehmet Ekici,Orhan Gülle 
Mehmet Ekici,Ozan Ýpek
Mehmet Ekici,Özer Hurmacý 
Mehmet Ekici,Sabri Sarýoðlu 
Mehmet Ekici,Selçuk Ýnan
Mehmet Ekici,Selçuk Þahin
Mehmet Ekici,Semih Þentürk 
Mehmet Ekici,Sercan Yýldýrým 
Mehmet Ekici,Serdar Kesimal
Mehmet Ekici,Serkan Balcý
Mehmet Ekici,Servet Çetin
Mehmet Ekici,Sinan Bolat 
Mehmet Ekici,Tolga Zengin
Mehmet Ekici,Tunay Torun
Mehmet Ekici,Tuncay Þanlý 
Mehmet Ekici,Ufuk Ceylan
Mehmet Ekici,Umut Bulut 
Mehmet Ekici,Volkan Demirel
Mehmet Ekici,Yekta Kurtuluþ
Mehmet Ekici,Yiðit Ýncedemir
Mehmet Topal,Mehmet Topuz
Mehmet Topal,Mert Günok
Mehmet Topal,Mevlüt Erdinç
Mehmet Topal,Nihat Kahveci 
Mehmet Topal,Nuri Þahin
Mehmet Topal,Ömer Erdoðan
Mehmet Topal,Ömer Toprak
Mehmet Topal,Onur Kývrak
Mehmet Topal,Orhan Gülle 
Mehmet Topal,Ozan Ýpek
Mehmet Topal,Özer Hurmacý 
Mehmet Topal,Sabri Sarýoðlu 
Mehmet Topal,Selçuk Ýnan
Mehmet Topal,Selçuk Þahin
Mehmet Topal,Semih Þentürk 
Mehmet Topal,Sercan Yýldýrým 
Mehmet Topal,Serdar Kesimal
Mehmet Topal,Serkan Balcý
Mehmet Topal,Servet Çetin
Mehmet Topal,Sinan Bolat 
Mehmet Topal,Tolga Zengin
Mehmet Topal,Tunay Torun
Mehmet Topal,Tuncay Þanlý 
Mehmet Topal,Ufuk Ceylan
Mehmet Topal,Umut Bulut 
Mehmet Topal,Volkan Demirel
Mehmet Topal,Yekta Kurtuluþ
Mehmet Topal,Yiðit Ýncedemir
Mehmet Topuz,Mert Günok
Mehmet Topuz,Mevlüt Erdinç
Mehmet Topuz,Nihat Kahveci 
Mehmet Topuz,Nuri Þahin
Mehmet Topuz,Ömer Erdoðan
Mehmet Topuz,Ömer Toprak
Mehmet Topuz,Onur Kývrak
Mehmet Topuz,Orhan Gülle 
Mehmet Topuz,Ozan Ýpek
Mehmet Topuz,Özer Hurmacý 
Mehmet Topuz,Sabri Sarýoðlu 
Mehmet Topuz,Selçuk Ýnan
Mehmet Topuz,Selçuk Þahin
Mehmet Topuz,Semih Þentürk 
Mehmet Topuz,Sercan Yýldýrým 
Mehmet Topuz,Serdar Kesimal
Mehmet Topuz,Serkan Balcý
Mehmet Topuz,Servet Çetin
Mehmet Topuz,Sinan Bolat 
Mehmet Topuz,Tolga Zengin
Mehmet Topuz,Tunay Torun
Mehmet Topuz,Tuncay Þanlý 
Mehmet Topuz,Ufuk Ceylan
Mehmet Topuz,Umut Bulut 
Mehmet Topuz,Volkan Demirel
Mehmet Topuz,Yekta Kurtuluþ
Mehmet Topuz,Yiðit Ýncedemir
Mert Günok,Mevlüt Erdinç
Mert Günok,Nihat Kahveci 
Mert Günok,Nuri Þahin
Mert Günok,Ömer Erdoðan
Mert Günok,Ömer Toprak
Mert Günok,Onur Kývrak
Mert Günok,Orhan Gülle 
Mert Günok,Ozan Ýpek
Mert Günok,Özer Hurmacý 
Mert Günok,Sabri Sarýoðlu 
Mert Günok,Selçuk Ýnan
Mert Günok,Selçuk Þahin
Mert Günok,Semih Þentürk 
Mert Günok,Sercan Yýldýrým 
Mert Günok,Serdar Kesimal
Mert Günok,Serkan Balcý
Mert Günok,Servet Çetin
Mert Günok,Sinan Bolat 
Mert Günok,Tolga Zengin
Mert Günok,Tunay Torun
Mert Günok,Tuncay Þanlý 
Mert Günok,Ufuk Ceylan
Mert Günok,Umut Bulut 
Mert Günok,Volkan Demirel
Mert Günok,Yekta Kurtuluþ
Mert Günok,Yiðit Ýncedemir
Mevlüt Erdinç,Nihat Kahveci 
Mevlüt Erdinç,Nuri Þahin
Mevlüt Erdinç,Ömer Erdoðan
Mevlüt Erdinç,Ömer Toprak
Mevlüt Erdinç,Onur Kývrak
Mevlüt Erdinç,Orhan Gülle 
Mevlüt Erdinç,Ozan Ýpek
Mevlüt Erdinç,Özer Hurmacý 
Mevlüt Erdinç,Sabri Sarýoðlu 
Mevlüt Erdinç,Selçuk Ýnan
Mevlüt Erdinç,Selçuk Þahin
Mevlüt Erdinç,Semih Þentürk 
Mevlüt Erdinç,Sercan Yýldýrým 
Mevlüt Erdinç,Serdar Kesimal
Mevlüt Erdinç,Serkan Balcý
Mevlüt Erdinç,Servet Çetin
Mevlüt Erdinç,Sinan Bolat 
Mevlüt Erdinç,Tolga Zengin
Mevlüt Erdinç,Tunay Torun
Mevlüt Erdinç,Tuncay Þanlý 
Mevlüt Erdinç,Ufuk Ceylan
Mevlüt Erdinç,Umut Bulut 
Mevlüt Erdinç,Volkan Demirel
Mevlüt Erdinç,Yekta Kurtuluþ
Mevlüt Erdinç,Yiðit Ýncedemir
Nihat Kahveci ,Nuri Þahin
Nihat Kahveci ,Ömer Erdoðan
Nihat Kahveci ,Ömer Toprak
Nihat Kahveci ,Onur Kývrak
Nihat Kahveci ,Orhan Gülle 
Nihat Kahveci ,Ozan Ýpek
Nihat Kahveci ,Özer Hurmacý 
Nihat Kahveci ,Sabri Sarýoðlu 
Nihat Kahveci ,Selçuk Ýnan
Nihat Kahveci ,Selçuk Þahin
Nihat Kahveci ,Semih Þentürk 
Nihat Kahveci ,Sercan Yýldýrým 
Nihat Kahveci ,Serdar Kesimal
Nihat Kahveci ,Serkan Balcý
Nihat Kahveci ,Servet Çetin
Nihat Kahveci ,Sinan Bolat 
Nihat Kahveci ,Tolga Zengin
Nihat Kahveci ,Tunay Torun
Nihat Kahveci ,Tuncay Þanlý 
Nihat Kahveci ,Ufuk Ceylan
Nihat Kahveci ,Umut Bulut 
Nihat Kahveci ,Volkan Demirel
Nihat Kahveci ,Yekta Kurtuluþ
Nihat Kahveci ,Yiðit Ýncedemir
Nuri Þahin,Ömer Erdoðan
Nuri Þahin,Ömer Toprak
Nuri Þahin,Onur Kývrak
Nuri Þahin,Orhan Gülle 
Nuri Þahin,Ozan Ýpek
Nuri Þahin,Özer Hurmacý 
Nuri Þahin,Sabri Sarýoðlu 
Nuri Þahin,Selçuk Ýnan
Nuri Þahin,Selçuk Þahin
Nuri Þahin,Semih Þentürk 
Nuri Þahin,Sercan Yýldýrým 
Nuri Þahin,Serdar Kesimal
Nuri Þahin,Serkan Balcý
Nuri Þahin,Servet Çetin
Nuri Þahin,Sinan Bolat 
Nuri Þahin,Tolga Zengin
Nuri Þahin,Tunay Torun
Nuri Þahin,Tuncay Þanlý 
Nuri Þahin,Ufuk Ceylan
Nuri Þahin,Umut Bulut 
Nuri Þahin,Volkan Demirel
Nuri Þahin,Yekta Kurtuluþ
Nuri Þahin,Yiðit Ýncedemir
Ömer Erdoðan,Ömer Toprak
Ömer Erdoðan,Onur Kývrak
Ömer Erdoðan,Orhan Gülle 
Ömer Erdoðan,Ozan Ýpek
Ömer Erdoðan,Özer Hurmacý 
Ömer Erdoðan,Sabri Sarýoðlu 
Ömer Erdoðan,Selçuk Ýnan
Ömer Erdoðan,Selçuk Þahin
Ömer Erdoðan,Semih Þentürk 
Ömer Erdoðan,Sercan Yýldýrým 
Ömer Erdoðan,Serdar Kesimal
Ömer Erdoðan,Serkan Balcý
Ömer Erdoðan,Servet Çetin
Ömer Erdoðan,Sinan Bolat 
Ömer Erdoðan,Tolga Zengin
Ömer Erdoðan,Tunay Torun
Ömer Erdoðan,Tuncay Þanlý 
Ömer Erdoðan,Ufuk Ceylan
Ömer Erdoðan,Umut Bulut 
Ömer Erdoðan,Volkan Demirel
Ömer Erdoðan,Yekta Kurtuluþ
Ömer Erdoðan,Yiðit Ýncedemir
Ömer Toprak,Onur Kývrak
Ömer Toprak,Orhan Gülle 
Ömer Toprak,Ozan Ýpek
Ömer Toprak,Özer Hurmacý 
Ömer Toprak,Sabri Sarýoðlu 
Ömer Toprak,Selçuk Ýnan
Ömer Toprak,Selçuk Þahin
Ömer Toprak,Semih Þentürk 
Ömer Toprak,Sercan Yýldýrým 
Ömer Toprak,Serdar Kesimal
Ömer Toprak,Serkan Balcý
Ömer Toprak,Servet Çetin
Ömer Toprak,Sinan Bolat 
Ömer Toprak,Tolga Zengin
Ömer Toprak,Tunay Torun
Ömer Toprak,Tuncay Þanlý 
Ömer Toprak,Ufuk Ceylan
Ömer Toprak,Umut Bulut 
Ömer Toprak,Volkan Demirel
Ömer Toprak,Yekta Kurtuluþ
Ömer Toprak,Yiðit Ýncedemir
Onur Kývrak,Orhan Gülle 
Onur Kývrak,Ozan Ýpek
Onur Kývrak,Özer Hurmacý 
Onur Kývrak,Sabri Sarýoðlu 
Onur Kývrak,Selçuk Ýnan
Onur Kývrak,Selçuk Þahin
Onur Kývrak,Semih Þentürk 
Onur Kývrak,Sercan Yýldýrým 
Onur Kývrak,Serdar Kesimal
Onur Kývrak,Serkan Balcý
Onur Kývrak,Servet Çetin
Onur Kývrak,Sinan Bolat 
Onur Kývrak,Tolga Zengin
Onur Kývrak,Tunay Torun
Onur Kývrak,Tuncay Þanlý 
Onur Kývrak,Ufuk Ceylan
Onur Kývrak,Umut Bulut 
Onur Kývrak,Volkan Demirel
Onur Kývrak,Yekta Kurtuluþ
Onur Kývrak,Yiðit Ýncedemir
Orhan Gülle ,Ozan Ýpek
Orhan Gülle ,Özer Hurmacý 
Orhan Gülle ,Sabri Sarýoðlu 
Orhan Gülle ,Selçuk Ýnan
Orhan Gülle ,Selçuk Þahin
Orhan Gülle ,Semih Þentürk 
Orhan Gülle ,Sercan Yýldýrým 
Orhan Gülle ,Serdar Kesimal
Orhan Gülle ,Serkan Balcý
Orhan Gülle ,Servet Çetin
Orhan Gülle ,Sinan Bolat 
Orhan Gülle ,Tolga Zengin
Orhan Gülle ,Tunay Torun
Orhan Gülle ,Tuncay Þanlý 
Orhan Gülle ,Ufuk Ceylan
Orhan Gülle ,Umut Bulut 
Orhan Gülle ,Volkan Demirel
Orhan Gülle ,Yekta Kurtuluþ
Orhan Gülle ,Yiðit Ýncedemir
Ozan Ýpek,Özer Hurmacý 
Ozan Ýpek,Sabri Sarýoðlu 
Ozan Ýpek,Selçuk Ýnan
Ozan Ýpek,Selçuk Þahin
Ozan Ýpek,Semih Þentürk 
Ozan Ýpek,Sercan Yýldýrým 
Ozan Ýpek,Serdar Kesimal
Ozan Ýpek,Serkan Balcý
Ozan Ýpek,Servet Çetin
Ozan Ýpek,Sinan Bolat 
Ozan Ýpek,Tolga Zengin
Ozan Ýpek,Tunay Torun
Ozan Ýpek,Tuncay Þanlý 
Ozan Ýpek,Ufuk Ceylan
Ozan Ýpek,Umut Bulut 
Ozan Ýpek,Volkan Demirel
Ozan Ýpek,Yekta Kurtuluþ
Ozan Ýpek,Yiðit Ýncedemir
Özer Hurmacý ,Sabri Sarýoðlu 
Özer Hurmacý ,Selçuk Ýnan
Özer Hurmacý ,Selçuk Þahin
Özer Hurmacý ,Semih Þentürk 
Özer Hurmacý ,Sercan Yýldýrým 
Özer Hurmacý ,Serdar Kesimal
Özer Hurmacý ,Serkan Balcý
Özer Hurmacý ,Servet Çetin
Özer Hurmacý ,Sinan Bolat 
Özer Hurmacý ,Tolga Zengin
Özer Hurmacý ,Tunay Torun
Özer Hurmacý ,Tuncay Þanlý 
Özer Hurmacý ,Ufuk Ceylan
Özer Hurmacý ,Umut Bulut 
Özer Hurmacý ,Volkan Demirel
Özer Hurmacý ,Yekta Kurtuluþ
Özer Hurmacý ,Yiðit Ýncedemir
Sabri Sarýoðlu ,Selçuk Ýnan
Sabri Sarýoðlu ,Selçuk Þahin
Sabri Sarýoðlu ,Semih Þentürk 
Sabri Sarýoðlu ,Sercan Yýldýrým 
Sabri Sarýoðlu ,Serdar Kesimal
Sabri Sarýoðlu ,Serkan Balcý
Sabri Sarýoðlu ,Servet Çetin
Sabri Sarýoðlu ,Sinan Bolat 
Sabri Sarýoðlu ,Tolga Zengin
Sabri Sarýoðlu ,Tunay Torun
Sabri Sarýoðlu ,Tuncay Þanlý 
Sabri Sarýoðlu ,Ufuk Ceylan
Sabri Sarýoðlu ,Umut Bulut 
Sabri Sarýoðlu ,Volkan Demirel
Sabri Sarýoðlu ,Yekta Kurtuluþ
Sabri Sarýoðlu ,Yiðit Ýncedemir
Selçuk Ýnan,Selçuk Þahin
Selçuk Ýnan,Semih Þentürk 
Selçuk Ýnan,Sercan Yýldýrým 
Selçuk Ýnan,Serdar Kesimal
Selçuk Ýnan,Serkan Balcý
Selçuk Ýnan,Servet Çetin
Selçuk Ýnan,Sinan Bolat 
Selçuk Ýnan,Tolga Zengin
Selçuk Ýnan,Tunay Torun
Selçuk Ýnan,Tuncay Þanlý 
Selçuk Ýnan,Ufuk Ceylan
Selçuk Ýnan,Umut Bulut 
Selçuk Ýnan,Volkan Demirel
Selçuk Ýnan,Yekta Kurtuluþ
Selçuk Ýnan,Yiðit Ýncedemir
Selçuk Þahin,Semih Þentürk 
Selçuk Þahin,Sercan Yýldýrým 
Selçuk Þahin,Serdar Kesimal
Selçuk Þahin,Serkan Balcý
Selçuk Þahin,Servet Çetin
Selçuk Þahin,Sinan Bolat 
Selçuk Þahin,Tolga Zengin
Selçuk Þahin,Tunay Torun
Selçuk Þahin,Tuncay Þanlý 
Selçuk Þahin,Ufuk Ceylan
Selçuk Þahin,Umut Bulut 
Selçuk Þahin,Volkan Demirel
Selçuk Þahin,Yekta Kurtuluþ
Selçuk Þahin,Yiðit Ýncedemir
Semih Þentürk ,Sercan Yýldýrým 
Semih Þentürk ,Serdar Kesimal
Semih Þentürk ,Serkan Balcý
Semih Þentürk ,Servet Çetin
Semih Þentürk ,Sinan Bolat 
Semih Þentürk ,Tolga Zengin
Semih Þentürk ,Tunay Torun
Semih Þentürk ,Tuncay Þanlý 
Semih Þentürk ,Ufuk Ceylan
Semih Þentürk ,Umut Bulut 
Semih Þentürk ,Volkan Demirel
Semih Þentürk ,Yekta Kurtuluþ
Semih Þentürk ,Yiðit Ýncedemir
Sercan Yýldýrým ,Serdar Kesimal
Sercan Yýldýrým ,Serkan Balcý
Sercan Yýldýrým ,Servet Çetin
Sercan Yýldýrým ,Sinan Bolat 
Sercan Yýldýrým ,Tolga Zengin
Sercan Yýldýrým ,Tunay Torun
Sercan Yýldýrým ,Tuncay Þanlý 
Sercan Yýldýrým ,Ufuk Ceylan
Sercan Yýldýrým ,Umut Bulut 
Sercan Yýldýrým ,Volkan Demirel
Sercan Yýldýrým ,Yekta Kurtuluþ
Sercan Yýldýrým ,Yiðit Ýncedemir
Serdar Kesimal,Serkan Balcý
Serdar Kesimal,Servet Çetin
Serdar Kesimal,Sinan Bolat 
Serdar Kesimal,Tolga Zengin
Serdar Kesimal,Tunay Torun
Serdar Kesimal,Tuncay Þanlý 
Serdar Kesimal,Ufuk Ceylan
Serdar Kesimal,Umut Bulut 
Serdar Kesimal,Volkan Demirel
Serdar Kesimal,Yekta Kurtuluþ
Serdar Kesimal,Yiðit Ýncedemir
Serkan Balcý,Servet Çetin
Serkan Balcý,Sinan Bolat 
Serkan Balcý,Tolga Zengin
Serkan Balcý,Tunay Torun
Serkan Balcý,Tuncay Þanlý 
Serkan Balcý,Ufuk Ceylan
Serkan Balcý,Umut Bulut 
Serkan Balcý,Volkan Demirel
Serkan Balcý,Yekta Kurtuluþ
Serkan Balcý,Yiðit Ýncedemir
Servet Çetin,Sinan Bolat 
Servet Çetin,Tolga Zengin
Servet Çetin,Tunay Torun
Servet Çetin,Tuncay Þanlý 
Servet Çetin,Ufuk Ceylan
Servet Çetin,Umut Bulut 
Servet Çetin,Volkan Demirel
Servet Çetin,Yekta Kurtuluþ
Servet Çetin,Yiðit Ýncedemir
Sinan Bolat ,Tolga Zengin
Sinan Bolat ,Tunay Torun
Sinan Bolat ,Tuncay Þanlý 
Sinan Bolat ,Ufuk Ceylan
Sinan Bolat ,Umut Bulut 
Sinan Bolat ,Volkan Demirel
Sinan Bolat ,Yekta Kurtuluþ
Sinan Bolat ,Yiðit Ýncedemir
Tolga Zengin,Tunay Torun
Tolga Zengin,Tuncay Þanlý 
Tolga Zengin,Ufuk Ceylan
Tolga Zengin,Umut Bulut 
Tolga Zengin,Volkan Demirel
Tolga Zengin,Yekta Kurtuluþ
Tolga Zengin,Yiðit Ýncedemir
Tunay Torun,Tuncay Þanlý 
Tunay Torun,Ufuk Ceylan
Tunay Torun,Umut Bulut 
Tunay Torun,Volkan Demirel
Tunay Torun,Yekta Kurtuluþ
Tunay Torun,Yiðit Ýncedemir
Tuncay Þanlý ,Ufuk Ceylan
Tuncay Þanlý ,Umut Bulut 
Tuncay Þanlý ,Volkan Demirel
Tuncay Þanlý ,Yekta Kurtuluþ
Tuncay Þanlý ,Yiðit Ýncedemir
Ufuk Ceylan,Umut Bulut 
Ufuk Ceylan,Volkan Demirel
Ufuk Ceylan,Yekta Kurtuluþ
Ufuk Ceylan,Yiðit Ýncedemir
Umut Bulut ,Volkan Demirel
Umut Bulut ,Yekta Kurtuluþ
Umut Bulut ,Yiðit Ýncedemir
Volkan Demirel,Yekta Kurtuluþ
Volkan Demirel,Yiðit Ýncedemir
Yekta Kurtuluþ,Yiðit Ýncedemir
